Harold Ramírez|Sultanes|140
Alexi Amarista|Guerreros|131
Julian Ornelas|Diablos Rojos|129
Yonathan Daza|Guerreros|125
Magneuris Sierra|Acereros|125
Gustavo Nunez|Sultanes|122
Gabriel Cancel|Bravos|119
Albert Lara|Algodoneros|117
Cal Mitchell|Piratas|116
Juan Santana|Guerreros|116
Cristhian Adames|Pericos|112
César Izturis Jr.|El Águila|111
Rodolfo Amador|Acereros|106
Juan Carlos Gamboa|Diablos Rojos|106
Jared Walsh|Charros|106
Robinson Canó|Diablos Rojos|104
Junior Lake|Toros|104
José Rondon|Pericos|104
Juan Yepez|Dorados|104
Yadir Drake|Algodoneros|103
Connor Hollis|Piratas|103
Connor Panas|Bravos|103
Henry Urrutia|Conspiradores|103
Luis Castro|Pericos|102
Herlis Rodriguez|Pericos|102
Yangervis Solarte|Conspiradores|102
Manuel Boscan|Tigres|101
Kyle Garlick|Charros|101
Esteban Quiroz|Bravos|100
Andrew Stevenson|Piratas|99
Lorenzo Cedrola|Pericos|98
Josh Lester|Sultanes|98
Juniel Querecuto|Guerreros|98
Jesse Castillo|Piratas|97
Angel Reyes|Rieleros|97
Franklin Barreto|Diablos Rojos|96
Luis De Los Santos|Tecos|96
Juan Mora|Acereros|96
Jermaine Palacios|Bravos|96
Mel Rojas Jr.|Guerreros|96
Mateo Gil|Charros|95
Gaige Howard|Bravos|95
Leobaldo Piña|Caliente |95
Andretty Cordero|Acereros|94
Victor Mendoza|Sultanes|94
Maikel Franco|Sultanes|93
Ramon Hernandez|Acereros|93
David Rodríguez|Rieleros|93
Isan Díaz|Algodoneros|92
Reynaldo Rodriguez|Caliente |92
Zoilo Almonte|Tecos|91
Brainer Bonaci|Dorados|91
Sócrates Brito|Sultanes|91
Kelvin Gutiérrez|Conspiradores|91
Leonel Valera|Guerreros|91
Andre Lipcius|Dorados|90
Henry Ramos|Pericos|90
Allen Córdoba|Charros|89
Coco Montes|Dorados|89
Mark Contreras|Dorados|88
Luis González|Olmecas|88
Marco Hernández|Olmecas|88
Alejandro Mejia|Bravos|88
Roberto Valenzuela|Diablos Rojos|88
Seth Beer|Olmecas|87
Sebastián Elizalde|El Águila|87
Estevan Florial|Caliente |87
Sandber Pimentel|Bravos|87
Rainel Rosario|Conspiradores|87
Jorge Flores|Guerreros|86
Victor Marquez|Caliente |86
Carlos Munoz|Dorados|86
Carlos Pérez|Diablos Rojos|86
Hernán Pérez|Toros|86
Yurisbel Gracial|Conspiradores|85
Jon Singleton|Diablos Rojos|85
Elier Hernandez|Caliente |84
Emmanuel Rivera|Saraperos|84
Calvin Estrada|Olmecas|83
Maikel Serrano|Rieleros|83
Phillip Ervin|Olmecas|82
Samar Leyva|Pericos|82
J.J. Matijevic|Tigres|82
Jimmy Kerrigan|Bravos|81
Jacob Rhinesmith|Dorados|81
Matthew Batten|Rieleros|80
Franchy Cordero|Toros|80
Alen Hanson|Conspiradores|80
Matt McDermott|Rieleros|80
Daniel Montano|El Águila|80
Alan Trejo|Acereros|79
Wilmer Flores|Toros|77
Cade Gotta|Tecos|77
Domingo Leyba|Olmecas|77
Agustin Ruiz|Olmecas|77
Troy Viola|Tigres|77
Andrés Alvarez|El Águila|76
Mason Martin|Algodoneros|76
Oscar Colás|Saraperos|74
Luis Barrera|Guerreros|73
Moises Gutierrez|Diablos Rojos|73
Webster Rivas|Caliente |73
Jasson Atondo|Olmecas|72
Phillip Evans|Toros|72
Johneshwy Fargas|Charros|72
Yariel Gonzalez|Caliente |72
Alex D. Mejia|Charros|72
Diosbel Arias|Tigres|71
Amilcar Gomez|Rieleros|71
Ramon Rios|Saraperos|71
Jonathan Guzmán|Toros|70
Yamaico Navarro|Olmecas|70
Yunior Severino|Olmecas|70
Wynton Bernard|El Águila|69
Eric Filia|Leones|69
Dwight Smith Jr.|Charros|69
Jose Gaitan|Leones|68
Fernando Villegas|Saraperos|67
Thairo Estrada|Saraperos|66
Isaac Rodriguez|Toros|66
Miles Simington|Tecos|66
Justin Turner|Toros|66
Daniel Castro|Conspiradores|65
Luis Guillorme|Saraperos|65
Fabricio Macias|Conspiradores|65
Michael De La Cruz|Pericos|64
Julian Escobedo|Algodoneros|64
José Marmolejos|Diablos Rojos|64
Austin Shenton|El Águila|64
Armando Alvarez|Piratas|63
Jonathan Villar|Caliente |61
Aristides Aquino|Guerreros|60
Carlos Sepulveda|Diablos Rojos|60
Juan Uriarte|Leones|60
Oscar Campos|Saraperos|59
Dalton Guthrie|Leones|59
Randy Romero|Olmecas|59
Gabriel Noriega|Rieleros|58
Ricardo Valenzuela|Guerreros|58
Brandon Villarreal|Saraperos|58
Emmanuel Avila|Piratas|57
Rusber Estrada|Acereros|57
Luis Liberato|Diablos Rojos|57
Edward Olivares|Algodoneros|57
Fernando Flores|Piratas|56
Balbino Fuenmayor|Bravos|56
Eguy Rosario|Algodoneros|56
Drew Stankiewicz|Caliente |56
Sergio Alcántara|Pericos|54
Abraham Almonte|Piratas|54
Jake Cave|El Águila|54
Miguel Guzman|Pericos|54
Luis Medina|Bravos|54
Carlos Arellano|Olmecas|53
Cristopher Gastelum|Tigres|53
Carlos Martínez|Bravos|53
Danny Ortiz|Tigres|53
Tomás Telis|Toros|53
Jose Carlos Urena|Caliente |53
Addison Russell|Leones|52
Joel Flores|Dorados|51
Wilson Garcia|Sultanes|51
Rangel Ravelo|Conspiradores|50
Andrelton Simmons|Dorados|50
Christian Villanueva|Saraperos|50
Angelo Castellano|Olmecas|49
Jesus Fabela|Piratas|49
Alfonso Rivas III|Leones|49
Eduardo Torrealba|Leones|49
Aldo Nunez|Acereros|48
Hendrik Clementina|Conspiradores|47
Felix Perez|Piratas|47
Marco Chicuate|Bravos|46
Christopher Escarrega|Caliente |46
Marco Jaime|Leones|46
Norberto Obeso|Leones|46
River Town|Saraperos|46
Ricardo Genovés|Sultanes|45
Javier Salazar|Sultanes|45
Damon Dues|Dorados|44
Willie Calhoun|Charros|43
Chris Williams|El Águila|43
Alexis Wilson|Tigres|43
Dairon Blanco|Bravos|42
Chris Carter|Saraperos|42
Moisés Gómez|Leones|42
Ramiro Pena|Sultanes|42
Edgar Robles|Algodoneros|42
Rio Ruiz|Diablos Rojos|42
Gilberto Vizcarra|Dorados|42
José Godoy|Olmecas|41
Yadiel Hernandez|Charros|41
Alfredo Hurtado|Charros|40
Raimel Tapia|Bravos|40
Michael Wielansky|Charros|39
Ismael Alcantara|Sultanes|38
Francisco Arcia|Algodoneros|38
Oziel Flores|Dorados|38
Joshua Fuentes|Charros|38
Daniel Johnson|Caliente |38
Gabriel Lino|Rieleros|38
Francisco Mejía|Diablos Rojos|38
Omar Narváez|Sultanes|38
Donny Sands|Saraperos|38
Alejandro Flores|Tecos|37
Gilberto Jimenez|Charros|37
Dean Nevarez|Algodoneros|36
Didi Gregorius|Algodoneros|35
J.P. Martínez|Saraperos|35
Símon Muzziotti|Leones|35
Jonathan Araúz|Tecos|34
Jose Heberto Felix|Acereros|34
Roel Santos|Conspiradores|34
Danry Vasquez|Toros|34
Carlos Castro|Tigres|33
Bryan Corral|Acereros|33
J.D. Davis|Tecos|33
Alan Espinoza|Olmecas|33
Oscar Gonzalez|Olmecas|33
Irving Lopez|Charros|33
Alberth Martinez|Algodoneros|33
Italo Motta|Tecos|33
Jose Manuel Orozco|Rieleros|33
Andrew Young|Piratas|33
Jack Mayfield|Toros|32
Arturo Rodriguez|Conspiradores|32
José Rodríguez|Tecos|32
Estamy Urena|Pericos|32
Ali Castillo|Tecos|31
Ryan Hernandez|Acereros|31
Christian Ibarra|Piratas|31
Aderlin Rodríguez|Bravos|31
Breyvic Valera|Leones|31
Kennys Vargas|Tigres|31
Yusniel Díaz|Leones|30
Carlos Franco|El Águila|30
Alan Garcia|Bravos|30
Deivy Grullón|Leones|30
Kellen Strahm|Sultanes|30
Wilfredo Tovar|Leones|30
Ryan Aguilar|Tecos|29
Justin Connell|Dorados|28
Ramón Flores|Diablos Rojos|28
Ciro Norzagaray|Pericos|28
Rainer Nunez|Tigres|28
David Villar|Caliente |28
Leo Heras|Acereros|27
Rafael Ortega|Toros|27
Keven Lamas|Conspiradores|26
Edwin Rios|El Águila|26
Nicholas Torres|Algodoneros|26
Francisco Cordoba|Tecos|25
Angel Erro|Rieleros|25
Jose F Miranda|El Águila|25
Agustin Murillo|Olmecas|25
José Peraza|Acereros|25
Sergio Perez|Rieleros|25
Seby Zavala|Charros|25
Yoelqui Céspedes|Tecos|24
Erik González|Leones|23
Jose Cardona|Sultanes|22
Edson Garcia|Toros|22
Fernando Perez|Piratas|22
Raudy Read|Leones|22
Cole Roederer|Saraperos|22
Corey Rosier|El Águila|22
Ivan Castillo|Saraperos|21
Jordan Diaz|Leones|21
Jecksson Flores|Acereros|21
Jose Robledo|Conspiradores|21
Jose Aguilar|Charros|20
Jose Guadalupe Chavez|Caliente |20
Reivaj Garcia|Leones|20
Andres Sosa|Guerreros|20
Diego Castillo|Algodoneros|19
Juan Kirk|Pericos|19
Aaron Antonini|Rieleros|18
Jose Lizarraga|Saraperos|18
Miguel Ojeda Jr.|Tigres|18
Gustavo Ruiz|Dorados|18
Luis Santos|Sultanes|18
David Hensley|Acereros|17
Diego Madero|Tigres|17
Nick Williams|Caliente |17
Japhet Amador|Piratas|16
Matt Scheffler|El Águila|16
Carlos Soto|Sultanes|16
Leobaldo Cabrera|Olmecas|15
Aldo Flores|Tigres|15
Billy Hamilton|Charros|15
Ali Solis|Toros|15
Antonio Almeida|Olmecas|14
Jose Alvarez|Caliente |14
Aaron Lugo|Dorados|14
Jack López|El Águila|14
Carlos Mendivil|Rieleros|14
Óscar Mercado|El Águila|14
Adrian Tovalin|Algodoneros|14
Jeremy Arocho|Charros|13
Kristian Delgado|El Águila|13
Jesus Loya|Dorados|13
Nick Martini|Piratas|13
Alejandro Quezada|Charros|13
Roberto Ramos|El Águila|13
Jomar Reyes|Rieleros|13
Jonathan Schoop|Dorados|13
Marcos Valenzuela|Tecos|13
Santiago Chávez|Acereros|12
Cristian Mejia|Bravos|12
Manuel Orduno|Caliente |12
Jackson Loftin|El Águila|11
Orlando Pina|Saraperos|11
Niko Vasquez|Saraperos|11
Roberto Castro|Bravos|10
Carlos Garzon|Guerreros|10
Julian Leon|Caliente |10
Alfredo Lopez|Guerreros|10
Luis Carlos Martinez|Charros|10
Angel Camacho|Rieleros|9
Geraldi Diaz|Dorados|9
C.J. Hinojosa|Caliente |9
Brian O'Grady|Algodoneros|9
Greg Allen|Toros|8
Elvin Carrillo|Acereros|8
Marek Chlup|Caliente |8
Johan Lopez|Sultanes|8
Francisco Peña|Piratas|8
Carlos Pérez|El Águila|8
Antonio Castaneda|Caliente |7
Phil Clarke|Piratas|7
Jesus Cordova|Charros|7
Roberto Gonzalez|Tigres|7
Valentin Hernández|Algodoneros|7
Nick Kahle|Piratas|7
Alan Lopez|Tecos|7
Jose Martinez|Saraperos|7
Carlos Tirado|Acereros|7
Terrin Vavra|Piratas|7
Michael Baca|Piratas|6
Pedro Castellano|Guerreros|6
Shayne Fontana|Dorados|6
Francisco Lugo|Toros|6
Michael Robles|Bravos|6
Raico Santos|Tigres|6
Luis Amador|Toros|5
Gilberto Carrera|Bravos|5
Xorge Carrillo|Leones|5
Ronaldo Hernández|Leones|5
Hansen Lopez|Piratas|5
Ivan Lozano|El Águila|5
Ivan Melendez|El Águila|5
Daniel Mercado|Pericos|5
Ichiro Rodriguez|Leones|5
Ariel Sandoval|Tecos|5
Kevin Armenta|Saraperos|4
Sergio Burruel|Toros|4
Gabriel Gutierrez|Diablos Rojos|4
Sandy León|Saraperos|4
Eduardo Luna|Tecos|4
Dairon Miranda|Dorados|4
Luis Partida|El Águila|4
Raul Torres|Piratas|4
Roberto Urias|Piratas|4
Xavier Batista|Tecos|3
Oliver Carrillo|Leones|3
Rogelio Cobos|Pericos|3
Eric De La Rosa|El Águila|3
Sebastian Garcia|Guerreros|3
Jose Herrera|Charros|3
Dante Leach|Tigres|3
Christian Morales|Saraperos|3
Miguel Palos|Acereros|3
Brayan Quintero|Pericos|3
Diego Soto|Conspiradores|3
Fabian Urbina|Leones|3
Brayan Valenzuela|El Águila|3
Jesus Villalobos|Diablos Rojos|3
Lazaro Alonso|Pericos|2
TT Bowens|El Águila|2
Gio Brusa|Saraperos|2
Abiam Cruz|Acereros|2
Sebastian Enriquez|Diablos Rojos|2
Yoyner Fajardo|Olmecas|2
Abraham Favela|Toros|2
Rafael Franco|Dorados|2
Hector Hernandez|Olmecas|2
Brayan Mendoza|Sultanes|2
Louis Okoye|Tigres|2
Omar Renteria|Sultanes|2
Jairus Richards|Caliente |2
Trayce Thompson|Tecos|2
Jose Ary Torres|El Águila|2
Fernando Villalobos|Rieleros|2
Je'Von Ward|Algodoneros|2
Orlando Arcia|Diablos Rojos|1
Carlos Baez|Charros|1
Gerardo Castaneda|Pericos|1
Yonny Hernández|Sultanes|1
Hector Jacquez|Sultanes|1
Oscar Jimenez|Acereros|1
Matt Kroon|Tigres|1
Romel Lopez|Caliente |1
Alfredo Magana|Leones|1
Luis Medina|Pericos|1
Matt Mervis|Algodoneros|1
Lizandro Mora|Caliente |1
Bladimir Restituyo|Tecos|1
Julio E. Rodriguez|Saraperos|1
Hugo Sanchez|Charros|1
Jordi Serna|Toros|1
Daniel Sierra|Conspiradores|1
Carlos Urias|Tigres|1
Leonel Villa|Diablos Rojos|1
Garrett Alexander|Guerreros|0
Cristian Almanza|Dorados|0
Abiel Amador|Rieleros|0
Raul Barron|Dorados|0
Warming Bernabel|Tecos|0
Colten Brewer|Leones|0
Arel Campoy|Rieleros|0
Amilcar Carreon|Acereros|0
Raul Carrillo|Olmecas|0
Eduardo  Cornejo|Rieleros|0
Jack Cushing|Olmecas|0
Leonardo Delgado|Saraperos|0
Miguel Delgado|Diablos Rojos|0
Wellington Diaz|Conspiradores|0
Carlos Figueroa|Leones|0
Andres Garza|Leones|0
Alejandro Gonzalez|Guerreros|0
Bryan Gonzalez|Acereros|0
Gael Guzman|Caliente |0
Cesar Hernandez|Caliente |0
Brandon Herrera|Diablos Rojos|0
Jesus Higuera|Piratas|0
Erick Luna|Caliente |0
Yordi Martinez|Piratas|0
Patrick Mazeika|Saraperos|0
Adonis Medina|Toros|0
Eric Meza|Tigres|0
Ramon Mora|Algodoneros|0
Jorge Morales|Saraperos|0
Luis Morales|Pericos|0
Cesar Moreno|Tigres|0
Edgar Navarro|Dorados|0
Angel Orozco|Caliente |0
Cristian Pacheco|Saraperos|0
Yorvin Pantoja|El Águila|0
Rommel Quezada|Diablos Rojos|0
Jorge Ramirez|Algodoneros|0
Santiago Retamoza|Leones|0
Ezequiel Rivera|Bravos|0
Luis Ivan Rodriguez|Charros|0
Dairon Sanchez|Piratas|0
Edgar Sanchez|Algodoneros|0
Joseph Sequera|Algodoneros|0
Jose Sibrian|Saraperos|0
Alex Tolosa|Leones|0
Carlos Valdes|Sultanes|0
César Vargas|El Águila|0
Gustavo Vargas|Leones|0
Emiliano Vega|Rieleros|0
Heber Villalobos|Rieleros|0
Braden Webb|Dorados|0
